<?xml version="1.0" encoding="utf-8"?>
<extension version="3.0" type="package" method="upgrade">
	<packagename>joomspirit_99</packagename>
	<packager>twister65</packager>
	<name>Joomspirit 99 Pack</name>
	<author>JoomSpirit</author>
	<creationDate>Aug 29, 2018</creationDate>
	<license>http://www.gnu.org/licenses/gpl-2.0.html GNU/GPL</license>
	<authorUrl>http://www.joomspirit.com</authorUrl>
	<authorEmail>contact@joomspirit.com</authorEmail>
	<version>3.1</version>
	<downloadUrl>https://github.com/twister65/joomspirit_99/zip</downloadUrl>
	<description><![CDATA[<div style="text-align:left;">

<h3>JoomSpirit 99 - 3.1 Full template and plugins Package - Version 3.1</h3>

</div>]]></description>
	<files>
		<file id="hover3d" type="plugin" group="editors-xtd">plg_editors_xtd_hover3d.zip</file>
		<file id="imagetext" type="plugin" group="editors-xtd">plg_editors_xtd_imagetext.zip</file>
		<file id="joomspirit_99" type="template" client="site">joomspirit_99.zip</file>
	</files>
</extension>