<?xml version="1.0" encoding="utf-8"?>
<extension version="3.1" type="plugin" group="editors-xtd" method="upgrade">
	<name>Button - Hover3D image</name>
	<creationDate>06/11/2018</creationDate>
	<author>twister65</author>
	<authorUrl>https://github.com/twister65/joomspirit_99</authorUrl>
	<license>GNU General Public License version 2 or later; see LICENSE.txt</license>
	<version>1.0.0</version>
	<description><![CDATA[<div style="text-align:left;">
		<h1>Hover3D Image Plugin - Version 1.0.0</h3>
		<h2>Insert an image with hover3d effect</h2>
		<h3>Changelog</h3>
		<ul>
			<li>1.0.0 : initial version</li>
		</ul>
		</div>]]>
	</description>
	<files>
		<filename plugin="hover3d">hover3d.php</filename>
	</files>
	<updateservers>
		<server type="extension" priority="2" name="Button - Hover3D image">http://olaverre.free.fr/downloads/extensions/updates/hover3d.xml</server>
	</updateservers>
	<config />
</extension>
