<?xml version="1.0" encoding="utf-8"?>
<!DOCTYPE install PUBLIC "-//Joomla! 1.6//DTD template 1.0//EN" "http://www.joomla.org/xml/dtd/1.6/template-install.dtd">
<extension version="3.0" type="template" method="upgrade">
	<name>joomspirit_99</name>
	<creationDate>09/10/2018</creationDate>
	<author>JoomSpirit</author>
	<licence>GNU General Public License v2 or later</licence>
	<authorEmail>contact@joomspirit.com</authorEmail>
	<authorUrl>http://www.joomspirit.com</authorUrl>
	<version>3.1</version>
	<description><![CDATA[ 
	<script src="../templates/joomspirit_99/lib/js/jscolor/jscolor.js" type="text/javascript"></script>
	<link rel="stylesheet" href="../templates/joomspirit_99/css/admin.css" type="text/css" />
	<link href='http://fonts.googleapis.com/css?family=Comfortaa:400,300,700|Abel|Arizonia|Berkshire+Swash|Cookie|Dosis:400,200,300,500,600,700,800|Droid+Sans:400,700|Francois+One|Gruppo|Playball|Italianno|Lato:400,100,300,400italic,300italic,100italic,700,700italic,900,900italic|Lobster|Lora:400,400italic,700,700italic|Montserrat:400,700|Oleo+Script|Open+Sans+Condensed:300,300italic,700|Open+Sans:400,300,300italic,400italic,600,600italic,700,700italic,800italic,800|Oswald:400,300,700|Oxygen:400,300,700|PT+Sans+Narrow:400,700|PT+Sans:400,400italic,700,700italic|Prosto+One|Quicksand:400,300,700|Roboto+Condensed:400,300,300italic,400italic,700,700italic|Rokkitt:400,700|Share:400,400italic,700,700italic|Source+Sans+Pro:400,200,200italic,300,300italic,400italic,600,600italic,700,700italic,900,900italic|Ubuntu+Condensed|Ubuntu:400,300,300italic,400italic,500,500italic,700,700italic|Roboto:400,100,100italic,300,300italic,400italic,500,500italic,700,700italic,900,900italic&subset=latin,cyrillic-ext,latin-ext,cyrillic' rel='stylesheet' type='text/css'>
	IMPORTANT : Read the settings for this template
	All informations is in your manual. You must double click on the file manual.html
	You will find in how to configure the template, use the typography and the module positions for your modules.
	]]></description>

<files>
<filename>favicon.ico</filename>
<filename>index.html</filename>
<filename>index.php</filename>
<filename>component.php</filename>
<filename>template_thumbnail.png</filename>
<folder>css</folder>
<folder>html</folder>
<folder>fonts</folder>
<folder>images</folder>
<folder>img</folder>
<folder>language</folder>
<folder>lib</folder>
</files>


<positions>
	<position>menu</position>
	<position>image</position>
	<position>left</position>
	<position>right</position>
	<position>top</position>
	<position>bottom</position>
	<position>search</position>
	<position>bottom_menu</position>
	<position>logo</position>
	<position>address</position>
	<position>breadcrumb</position>
	<position>translate</position>
	<position>user1</position>
	<position>user2</position>
	<position>user3</position>
	<position>user4</position>
	<position>user5</position>
	<position>user6</position>
	<position>debug</position>
</positions>

<languages folder="language">
	<language tag="en-GB">en-GB/en-GB.tpl_joomspirit_99.ini</language>
	<language tag="en-GB">en-GB/en-GB.tpl_joomspirit_99.sys.ini</language>
	<language tag="fr-FR">fr-FR/fr-FR.tpl_joomspirit_99.ini</language>
	<language tag="fr-FR">fr-FR/fr-FR.tpl_joomspirit_99.sys.ini</language>
</languages>

<config>
	<fields name="params">
	
		<fieldset name="01" label="TPL_JOOMSPIRIT_99_01_LABEL">
		
				<field name="color_top_bg" class="color {required:false}" type="text" default="222222" label="TPL_JOOMSPIRIT_99_BACKGROUND_COLOR_TOP_LABEL" description="TPL_JOOMSPIRIT_99_BACKGROUND_COLOR_TOP_DESC" />
		
				<field name="shadow_bg" type="list" default="dark-shadow" label="TPL_JOOMSPIRIT_99_BACKGROUND_SHADOW" description="">
					<option value="light-shadow">TPL_JOOMSPIRIT_99_LIGHT_SHADOW</option>
					<option value="dark-shadow">TPL_JOOMSPIRIT_99_DARK_SHADOW</option>
					<option value="no-shadow">TPL_JOOMSPIRIT_99_NO_SHADOW</option>
				</field>
				
				<field type="spacer" />

				<field name="sticky_menu" type="list" default="yes" label="TPL_JOOMSPIRIT_99_STICKY_MENU_LABEL" description="TPL_JOOMSPIRIT_99_STICKY_MENU_DESC">
					<option value="yes">TPL_JOOMSPIRIT_99_YES</option>
					<option value="no">TPL_JOOMSPIRIT_99_NO</option>
				</field>
				
				<field name="scroll_to_top" type="list" default="yes" label="TPL_JOOMSPIRIT_99_SCROLLTOTOP_LABEL" description="">
					<option value="yes">TPL_JOOMSPIRIT_99_YES</option>
					<option value="no">TPL_JOOMSPIRIT_99_NO</option>
				</field>

				<field name="color_text_general" class="color {required:false}" type="text" default="555555" label="TPL_JOOMSPIRIT_99_COLOR_TEXT_GENERAL_LABEL" description="TPL_JOOMSPIRIT_99_COLOR_TEXT_GENERAL_DESC" />

				<field type="spacer" />		

				<field name="border_image" type="list" default="js-border" label="TPL_JOOMSPIRIT_99_BORDER_IMAGE_LABEL" description="" >
					<option value="js-border">TPL_JOOMSPIRIT_99_YES</option>
					<option value="no-js-border">TPL_JOOMSPIRIT_99_NO</option>
				</field>
				
				<field name="hover3d" type="list" default="no" label="TPL_JOOMSPIRIT_99_HOVER3D_LABEL" description="">
					<option value="yes">TPL_JOOMSPIRIT_99_YES</option>
					<option value="no">TPL_JOOMSPIRIT_99_NO</option>
				</field>
			
		</fieldset>
		
		<fieldset name="02" label="TPL_JOOMSPIRIT_99_02_LABEL">

				<field name="width_website" type="text" default="980px" size="10" label="Width of your website in px or %" description="Enter the width of your website in px or %. Example : 1200px or 80%. Default : 980px" />
				
				<field type="spacer" />

				<field name="width_left" type="text" default="200px" size="10" label="Width of left module position in px or %" description="Enter the width of the left module position in px or % . Default : 200px" />
				<field name="width_right" type="text" default="200px" size="10" label="Width of right module position in px or %" description="Enter the width of the right module position in px or % . Default : 200px" />
				
				<field name="user1_width" type="text" default="32" size="10" label="Width of user1 in percentage" description="Enter the width for user1  in percentage. Space between each user module = 2%. Default : 32" />
				<field name="user3_width" type="text" default="32" size="10" label="Width of user3 in percentage" description="Enter the width for user3  in percentage. Space between each user module = 2%. Default : 32" />
				<field name="user4_width" type="text" default="32" size="10" label="Width of user4 in percentage" description="Enter the width for user4  in percentage. Space between each user module = 2%. Default : 32" />
				<field name="user6_width" type="text" default="32" size="10" label="Width of user6 in percentage" description="Enter the width for user6  in percentage. Space between each user module = 2%. Default : 32" />

		</fieldset>
		
		<fieldset name="03" label="Header">
		
				<field name="logo_position" type="list" default="centered" label="Position of your logo" description="">
					<option value="left">Left side</option>
					<option value="centered">Center</option>
					<option value="right">Right side</option>
				</field>
				
				<field name="website_title" type="text" default="Template 99" size="20" label="Your website title" description="" />
				
				<field name="color_website_title" class="color {required:false}" type="text" default="97BD18" label="Color of the website_title" description="Please set the color. Default : 97BD18 " />
								
				<field name="font_website_title" type="list" default="Quicksand" label="Font for your website title" description="The font with an * are safe fonts. No need to load an extra font file on your website and support all special characters.">
					<option value="Abel">Abel</option>
					<option value="Arial">Arial *</option>
					<option value="Arizonia">Arizonia</option>
					<option value="Berkshire+Swash">Berkshire Swash</option>
					<option value="Comfortaa">Comfortaa</option>
					<option value="Cookie">Cookie</option>
					<option value="Dosis">Dosis</option>
					<option value="Droid+Sans">Droid Sans</option>
					<option value="Francois+One">Francois One</option>
					<option value="Georgia">Georgia *</option>
					<option value="Gruppo">Gruppo</option>
					<option value="Helvetica">Helvetica *</option>
					<option value="Italianno">Italianno</option>
					<option value="Lato">Lato</option>
					<option value="Lobster">Lobster</option>
					<option value="Lora">Lora</option>
					<option value="Montserrat">Montserrat</option>
					<option value="Montserrat:700">Montserrat bold</option>
					<option value="Oleo+Script">Oleo Script</option>		
					<option value="Open+Sans+Condensed:300">Open Sans Condensed</option>
					<option value="Open+Sans">Open Sans</option>
					<option value="Oswald">Oswald</option>
					<option value="Oxygen">Oxygen</option>
					<option value="Playball">Playball</option>
					<option value="PT+Sans+Narrow">PT Sans Narrow</option>
					<option value="PT+Sans">PT Sans</option>
					<option value="Prosto+One">Prosto One</option>
					<option value="Quicksand">Quicksand</option>
					<option value="Roboto+Condensed">Roboto Condensed</option>
					<option value="Roboto">Roboto</option>
					<option value="Rokkitt:400,700">Rokkitt bold</option>
					<option value="Share, cursive">Share</option>
					<option value="Source+Sans+Pro">Source Sans Pro</option>
					<option value="Times New Roman">Times New Roman *</option>
					<option value="Trebuchet ms">Trebuchet ms *</option>
					<option value="Ubuntu+Condensed">Ubuntu Condensed</option>
					<option value="Ubuntu">Ubuntu</option>
					<option value="Verdana">Verdana *</option>
				</field>
				
				<field name="custom_font_website_title" type="text" size="20" default="" label="New Google font for your website title" description="Copy the code of your Google font. More details in the manual." />

				<field name="website_title_fontsize" type="text" default="50px" size="10" label="Font size of your website title" description="value in % or px. Example : 160% or 18px . Default : 50px " />

				<field type="spacer" />

				<field name="color_main_menu_item" class="color {required:false}" type="text" default="888888" label="Color of main menu item" description="Please set the color. Default : 888888 " />

				<field name="color_main_menu_item_active" class="color {required:false}" type="text" default="cccccc" label="Color of active menu item" description="Please set the color. Default : cccccc " />

				<field name="color_main_menu_subitem" class="color {required:false}" type="text" default="666666" label="Color of sub menu item" description="Please set the color. Default : 666666 " />

				<field name="color_main_menu_subitem_active" class="color {required:false}" type="text" default="97BD18" label="Color of active sub menu item" description="Please set the color. Default : 97BD18 " />

											
				<field name="font_menu" type="list" default="Dosis" label="Font for your menu" description="The font with an * are safe fonts. No need to load an extra font file on your website and support all special characters.">
					<option value="Abel">Abel</option>
					<option value="Arial">Arial *</option>
					<option value="Arizonia">Arizonia</option>
					<option value="Berkshire+Swash">Berkshire Swash</option>
					<option value="Comfortaa">Comfortaa</option>
					<option value="Cookie">Cookie</option>
					<option value="Dosis">Dosis</option>
					<option value="Droid+Sans">Droid Sans</option>
					<option value="Francois+One">Francois One</option>
					<option value="Georgia">Georgia *</option>
					<option value="Gruppo">Gruppo</option>
					<option value="Helvetica">Helvetica *</option>
					<option value="Italianno">Italianno</option>
					<option value="Lato">Lato</option>
					<option value="Lobster">Lobster</option>
					<option value="Lora">Lora</option>
					<option value="Montserrat">Montserrat</option>
					<option value="Montserrat:700">Montserrat bold</option>
					<option value="Oleo+Script">Oleo Script</option>		
					<option value="Open+Sans+Condensed:300">Open Sans Condensed</option>
					<option value="Open+Sans">Open Sans</option>
					<option value="Oswald">Oswald</option>
					<option value="Oxygen">Oxygen</option>
					<option value="Playball">Playball</option>
					<option value="PT+Sans+Narrow">PT Sans Narrow</option>
					<option value="PT+Sans">PT Sans</option>
					<option value="Prosto+One">Prosto One</option>
					<option value="Quicksand">Quicksand</option>
					<option value="Roboto+Condensed">Roboto Condensed</option>
					<option value="Roboto">Roboto</option>
					<option value="Rokkitt:400,700">Rokkitt bold</option>
					<option value="Share, cursive">Share</option>
					<option value="Source+Sans+Pro">Source Sans Pro</option>
					<option value="Times New Roman">Times New Roman *</option>
					<option value="Trebuchet ms">Trebuchet ms *</option>
					<option value="Ubuntu+Condensed">Ubuntu Condensed</option>
					<option value="Ubuntu">Ubuntu</option>
					<option value="Verdana">Verdana *</option>
				</field>
				
				<field name="custom_font_menu" type="text" size="20" default="" label="New Google font for menu and article title" description="Copy the code of your Google font. More details in the manual." />

				<field name="main_menu_fontsize" type="text" default="100%" size="10" label="Font size of main menu parent items" description="value in % or px. Example : 160% or 18px . Default : 140% " />
								
				<field name="text_menu" type="text" default="menu" size="10" label="Text in the menu button (small screen)" description="Only in small screen with Responsive feature enable. default : menu" />				
		
		</fieldset>

		<fieldset name="04" label="Slideshow">

				<field name="width_slideshow" type="text" default="980px" size="10" label="Width of the module position image in px or %" description="If you choose a value in percentage, the minimum width is always 980px. Example : 1200px or 80%. Default : 980px" />

		</fieldset>


		
		<fieldset name="05" label="Content box">
				
				<field name="colorh1" class="color {required:false}" type="text" default="97BD18" size="07" label="Color for article title (H1)" description="Please set the color for your article title H1. Default : 97BD18 " />

				<field name="font_h1" type="list" default="Dosis" label="Font for title H1" description="The font with an * are safe fonts. No need to load an extra font file on your website and support all special characters.">
					<option value="Abel">Abel</option>
					<option value="Arial">Arial *</option>
					<option value="Arizonia">Arizonia</option>
					<option value="Berkshire+Swash">Berkshire Swash</option>
					<option value="Comfortaa">Comfortaa</option>
					<option value="Cookie">Cookie</option>
					<option value="Dosis">Dosis</option>
					<option value="Droid+Sans">Droid Sans</option>
					<option value="Francois+One">Francois One</option>
					<option value="Georgia">Georgia *</option>
					<option value="Gruppo">Gruppo</option>
					<option value="Helvetica">Helvetica *</option>
					<option value="Italianno">Italianno</option>
					<option value="Lato">Lato</option>
					<option value="Lobster">Lobster</option>
					<option value="Lora">Lora</option>
					<option value="Montserrat">Montserrat</option>
					<option value="Montserrat:700">Montserrat bold</option>
					<option value="Oleo+Script">Oleo Script</option>		
					<option value="Open+Sans+Condensed:300">Open Sans Condensed</option>
					<option value="Open+Sans">Open Sans</option>
					<option value="Oswald">Oswald</option>
					<option value="Oxygen">Oxygen</option>
					<option value="Playball">Playball</option>
					<option value="PT+Sans+Narrow">PT Sans Narrow</option>
					<option value="PT+Sans">PT Sans</option>
					<option value="Prosto+One">Prosto One</option>
					<option value="Quicksand">Quicksand</option>
					<option value="Roboto+Condensed">Roboto Condensed</option>
					<option value="Roboto">Roboto</option>
					<option value="Rokkitt:400,700">Rokkitt bold</option>
					<option value="Share, cursive">Share</option>
					<option value="Source+Sans+Pro">Source Sans Pro</option>
					<option value="Times New Roman">Times New Roman *</option>
					<option value="Trebuchet ms">Trebuchet ms *</option>
					<option value="Ubuntu+Condensed">Ubuntu Condensed</option>
					<option value="Ubuntu">Ubuntu</option>
					<option value="Verdana">Verdana *</option>
				</field>
				
				<field name="custom_font_h1" type="text" size="20" default="" label="New Google font for title H1" description="Copy the code of your Google font. More details in the manual." />

				<field name="h1_fontsize" type="text" default="220%" size="10" label="Font size for title H1" description="value in % or px. Example : 160% or 18px . Default : 220% " />

				<field type="spacer" />
				
				<field name="colorh2" class="color {required:false}" type="text" default="663D26" size="07" label="Color for module titles and H2" description="Please set the color for titles H2 and each module title. Default : 663D26 " />

				<field name="font_h2" type="list" default="Dosis" label="Font for module titles, H2, H3, H4 and H5" description="The font with an * are safe fonts. No need to load an extra font file on your website and support all special characters.">
					<option value="Abel">Abel</option>
					<option value="Arial">Arial *</option>
					<option value="Arizonia">Arizonia</option>
					<option value="Berkshire+Swash">Berkshire Swash</option>
					<option value="Comfortaa">Comfortaa</option>
					<option value="Cookie">Cookie</option>
					<option value="Dosis">Dosis</option>
					<option value="Droid+Sans">Droid Sans</option>
					<option value="Francois+One">Francois One</option>
					<option value="Georgia">Georgia *</option>
					<option value="Gruppo">Gruppo</option>
					<option value="Helvetica">Helvetica *</option>
					<option value="Italianno">Italianno</option>
					<option value="Lato">Lato</option>
					<option value="Lobster">Lobster</option>
					<option value="Lora">Lora</option>
					<option value="Montserrat">Montserrat</option>
					<option value="Montserrat:700">Montserrat bold</option>
					<option value="Oleo+Script">Oleo Script</option>		
					<option value="Open+Sans+Condensed:300">Open Sans Condensed</option>
					<option value="Open+Sans">Open Sans</option>
					<option value="Oswald">Oswald</option>
					<option value="Oxygen">Oxygen</option>
					<option value="Playball">Playball</option>
					<option value="PT+Sans+Narrow">PT Sans Narrow</option>
					<option value="PT+Sans">PT Sans</option>
					<option value="Prosto+One">Prosto One</option>
					<option value="Quicksand">Quicksand</option>
					<option value="Roboto+Condensed">Roboto Condensed</option>
					<option value="Roboto">Roboto</option>
					<option value="Rokkitt:400,700">Rokkitt bold</option>
					<option value="Share, cursive">Share</option>
					<option value="Source+Sans+Pro">Source Sans Pro</option>
					<option value="Times New Roman">Times New Roman *</option>
					<option value="Trebuchet ms">Trebuchet ms *</option>
					<option value="Ubuntu+Condensed">Ubuntu Condensed</option>
					<option value="Ubuntu">Ubuntu</option>
					<option value="Verdana">Verdana *</option>
				</field>
				
				<field name="custom_font_h2" type="text" size="20" default="" label="New Google font for module titles, H2, H3, H4 and H5" description="Copy the code of your Google font. More details in the manual." />

				<field name="module_title_fontsize" type="text" default="130%" size="10" label="Font size of the module titles" description="value in % or px. Example : 160% or 18px . Default : 130% " />
				<field name="h2_fontsize" type="text" default="150%" size="10" label="Font size for titles H2" description="value in % or px. Example : 160% or 18px . Default : 150% " />
				<field name="h3_fontsize" type="text" default="115%" size="10" label="Font size for titles H3" description="value in % or px. Example : 160% or 18px . Default : 115% " />
				<field name="h4_fontsize" type="text" default="110%" size="10" label="Font size for titles H4" description="value in % or px. Example : 160% or 18px . Default : 110% " />
				<field name="h5_fontsize" type="text" default="100%" size="10" label="Font size for titles H5" description="value in % or px. Example : 160% or 18px . Default : 100% " />
				
				<field type="spacer" />
				
				<field name="font_content" type="list" default="Helvetica" label="Font for your content" description="The font with an * are safe fonts. No need to load an extra font file on your website and support all special characters.">
					<option value="Abel">Abel</option>
					<option value="Arial">Arial *</option>
					<option value="Arizonia">Arizonia</option>
					<option value="Berkshire+Swash">Berkshire Swash</option>
					<option value="Comfortaa">Comfortaa</option>
					<option value="Cookie">Cookie</option>
					<option value="Dosis">Dosis</option>
					<option value="Droid+Sans">Droid Sans</option>
					<option value="Francois+One">Francois One</option>
					<option value="Georgia">Georgia *</option>
					<option value="Gruppo">Gruppo</option>
					<option value="Helvetica">Helvetica *</option>
					<option value="Italianno">Italianno</option>
					<option value="Lato">Lato</option>
					<option value="Lobster">Lobster</option>
					<option value="Lora">Lora</option>
					<option value="Montserrat">Montserrat</option>
					<option value="Montserrat:700">Montserrat bold</option>
					<option value="Oleo+Script">Oleo Script</option>		
					<option value="Open+Sans+Condensed:300">Open Sans Condensed</option>
					<option value="Open+Sans">Open Sans</option>
					<option value="Oswald">Oswald</option>
					<option value="Oxygen">Oxygen</option>
					<option value="Playball">Playball</option>
					<option value="PT+Sans+Narrow">PT Sans Narrow</option>
					<option value="PT+Sans">PT Sans</option>
					<option value="Prosto+One">Prosto One</option>
					<option value="Quicksand">Quicksand</option>
					<option value="Roboto+Condensed">Roboto Condensed</option>
					<option value="Roboto">Roboto</option>
					<option value="Rokkitt:400,700">Rokkitt bold</option>
					<option value="Share, cursive">Share</option>
					<option value="Source+Sans+Pro">Source Sans Pro</option>
					<option value="Times New Roman">Times New Roman *</option>
					<option value="Trebuchet ms">Trebuchet ms *</option>
					<option value="Ubuntu+Condensed">Ubuntu Condensed</option>
					<option value="Ubuntu">Ubuntu</option>
					<option value="Verdana">Verdana *</option>
				</field>

				<field name="custom_font_content" type="text" size="20" default="" label="New Google font for your content" description="Copy the code of your Google font. More details in the manual." />

				<field name="fontSize" type="list" default="0.85em" label="Default font size" description="">
					<option value="0.55em">smallest</option>
					<option value="0.65em">small</option>
					<option value="0.75em">normal</option>
					<option value="0.85em">big</option>
					<option value="0.95em">biggest</option>
					<option value="1.05em">biggest +</option>
				</field>

				<field type="spacer" />

				<field name="color_link" class="color {required:false}" type="text" default="80A114" size="07" label="Color for your links" description="Please set the color for your links. Default : 80A114 " />
				
				<field name="color_link_hover" class="color {required:false}" type="text" default="97BD18" size="07" label="Color for active and hover links" description="Please set the color for your active links. Default : 97BD18 " />
				
		</fieldset>
				
		<fieldset name="06" label="Social icons">

				<field name="text_social_icons" type="text" default="" label="Text before your social icons" description=" " />

				<field name="color_text_social" class="color {required:false}" type="text" default="555555" size="10" label="Color of the social icons text" description="Hexadecimal code color . default : 555555 " />
				
				<field type="spacer" />

				<field name="twitter" type="text" default="" size="30" label="Twitter URL " description="" />
				<field name="facebook" type="text" default="" size="30" label="Facebook URL " description="" />	
				<field name="rss" type="text" default="" size="30" label="RSS URL " description="" />
				<field name="linkedin" type="text" default="" size="30" label="Linkedin URL " description="" />
				<field name="google" type="text" default="" size="30" label="Google+ URL " description="" />
				<field name="instagram" type="text" default="" size="30" label="Instagram URL " description="" />
				<field name="pinterest" type="text" default="" size="30" label="Pinterest URL " description="" />
				<field name="renren" type="text" default="" size="30" label="Renren URL " description="" />				
				<field name="weibo" type="text" default="" size="30" label="Weibo URL " description="" />
				<field name="xing" type="text" default="" size="30" label="Xing URL " description="" />
				<field name="flickr" type="text" default="" size="30" label="Flickr URL " description="" />
				<field name="youtube" type="text" default="" size="30" label="Youtube URL " description="" />
				<field name="vimeo" type="text" default="" size="30" label="Vimeo URL " description="" />
				<field name="tumblr" type="text" default="" size="30" label="Tumblr URL " description="" />
				
				<field name="google1" type="list" default="no" label="Enable Google +1 icon" description="">
					<option value="yes">TPL_JOOMSPIRIT_99_YES</option>
					<option value="no">TPL_JOOMSPIRIT_99_NO</option>
				</field>
				
				<field type="spacer" />
				
				<field name="custom_icon01" type="text" default="" size="30" label="Url of a custom social link " description="" />
				<field name="custom_icon01_text" type="text" default="" size="30" label="Text on mouse hover " description="" />
				<field name="custom_icon01_img" type="imagelist" default="" label="Select an icon" description="You can add your own image in the folder 'images/social-icons' of the template" directory="../templates/joomspirit_99/images/social-icons" exclude="" stripext="" />
				
				<field type="spacer" />
				
				<field name="custom_icon02" type="text" default="" size="30" label="Url of a second custom social link " description="" />
				<field name="custom_icon02_text" type="text" default="" size="30" label="Text on mouse hover " description="" />
				<field name="custom_icon02_img" type="imagelist" default="" label="Select an icon" description="You can add your own image in the folder 'images/social-icons' of the template" directory="../templates/joomspirit_99/images/social-icons" exclude="" stripext="" />

				<field type="spacer" />
				
				<field name="custom_icon03" type="text" default="" size="30" label="Url of a third custom social link " description="" />
				<field name="custom_icon03_text" type="text" default="" size="30" label="Text on mouse hover " description="" />
				<field name="custom_icon03_img" type="imagelist" default="" label="Select an icon" description="You can add your own image in the folder 'images/social-icons' of the template" directory="../templates/joomspirit_99/images/social-icons" exclude="" stripext="" />
				
				<field type="spacer" />
				
				<field name="custom_icon04" type="text" default="" size="30" label="Url of a fourth custom social link " description="" />
				<field name="custom_icon04_text" type="text" default="" size="30" label="Text on mouse hover " description="" />
				<field name="custom_icon04_img" type="imagelist" default="" label="Select an icon" description="You can add your own image in the folder 'images/social-icons' of the template" directory="../templates/joomspirit_99/images/social-icons" exclude="" stripext="" />
				
				
		</fieldset>
		
	
		<fieldset name="07" label="Responsive design">
				
				<field name="responsive" type="list" default="yes" label="Enable responsive feature" description="The design change when the screen resolution is less of 980 pixels : better for mobile devices">				
					<option value="yes">TPL_JOOMSPIRIT_99_YES</option>
					<option value="no">TPL_JOOMSPIRIT_99_NO</option>
				</field>
				
				<field name="column_responsive" type="list" default="no" label="Display left and right column under the content in small resolution" description="Disable this option if you use a javascript animation in your column.">				
					<option value="yes">TPL_JOOMSPIRIT_99_YES</option>
					<option value="no">TPL_JOOMSPIRIT_99_NO</option>
				</field>
				
		</fieldset>
		
		<fieldset name="08" label="Animations">
			
			<field name="docsr" type="note" class="alert alert-info" close="true" label="To animate elements as they scroll into view, see ScrollReveal documentation : " description="&lt;a href='https://scrollrevealjs.org/api/defaults.html' target='_blank' &gt;ScrollReveal API&lt;/a&gt;"/>

			<field name="plate_options" type="note" class="alert alert-info" close="true" label="To customize plate effect, see jQuery Plate documentation :" description="&lt;a href='https://github.com/krebszattila/jquery-plate#options' target='_blank' &gt;jQuery Plate Options&lt;/a&gt;"/>
			
			<field name="animation" type="radio" default="yes" label="Enable animations for the modules positions" description="Disable this option if you doesn't want use any animation on scroll">				
				<option value="yes">TPL_JOOMSPIRIT_99_YES</option>
				<option value="no">TPL_JOOMSPIRIT_99_NO</option>
			</field>

			<field type="spacer" label="Social icons" />
			
			<field name="animation_social" type="radio" default="yes" label="Enable animation for Social icons" description="">				
				<option value="yes">TPL_JOOMSPIRIT_99_YES</option>
				<option value="no">TPL_JOOMSPIRIT_99_NO</option>
			</field>
			
			<field name="animation_social_text" type="text" default="origin:'top', distance:'20px', duration:1330, reset:true" size="30" label="ScrollReveal effect" description="Default effect = origin:'top', distance:'20px', duration:1330, reset:true" />
			
			<field type="spacer" label="Translate" />
			
			<field name="animation_translate" type="radio" default="yes" label="Enable animation for Translate" description="">				
				<option value="yes">TPL_JOOMSPIRIT_99_YES</option>
				<option value="no">TPL_JOOMSPIRIT_99_NO</option>
			</field>
			
			<field name="animation_translate_text" type="text" default="origin:'top', distance:'20px', duration:1330, reset:true" size="30" label="ScrollReveal effect" description="Default effect = origin:'top', distance:'20px', duration:1330, reset:true" />			

			<field type="spacer" label="Logo" />
			
			<field name="animation_logo" type="radio" default="no" label="Enable animation for Logo" description="">				
				<option value="yes">TPL_JOOMSPIRIT_99_YES</option>
				<option value="no">TPL_JOOMSPIRIT_99_NO</option>
			</field>
			
			<field name="animation_logo_text" type="text" default="origin:'top', distance:'100px', easing:'cubic-bezier(0.68, -0.55, 0.265, 1.55)', scale:1.2, duration:1000, delay:100, rotate:{x:90}, reset:true" size="30" label="ScrollReveal effect" description="Default effect = origin:'top', distance:'100px', easing:'cubic-bezier(0.68, -0.55, 0.265, 1.55)', scale:1.2, duration:1000, delay:100, rotate:{x:90}, reset:true" />
			
			<field name="plate_logo_text" type="text" default="inverse: true, perspective: 500, maxRotation: 20, animationDuration: 10" size="30" label="Plate effect" description="Default effect = inverse: true, perspective: 500, maxRotation: 20, animationDuration: 10" />

			<field type="spacer" label="Image" />
			
			<field name="animation_image" type="radio" default="no" label="Enable animation for Image" description="">				
				<option value="yes">TPL_JOOMSPIRIT_99_YES</option>
				<option value="no">TPL_JOOMSPIRIT_99_NO</option>
			</field>
			
			<field name="animation_image_text" type="text" default="duration:1000, rotate:{y:90}, reset:true" size="30" label="ScrollReveal effect" description="Default effect = duration:1000, rotate:{y:90}, reset:true" />
			
			<field name="plate_image_text" type="text" default="inverse: true, perspective: 500, maxRotation: 20, animationDuration: 10" size="30" label="Plate effect" description="Default effect = inverse: true, perspective: 500, maxRotation: 20, animationDuration: 10" />
			
			<field type="spacer" label="Breadcrumb" />
			
			<field name="animation_breadcrumb" type="radio" default="yes" label="Enable animation for Breadcrumb" description="">				
				<option value="yes">TPL_JOOMSPIRIT_99_YES</option>
				<option value="no">TPL_JOOMSPIRIT_99_NO</option>
			</field>
			
			<field name="animation_breadcrumb_text" type="text" default="easing:'ease-in-out', scale:1.5, delay:300, duration:1500, reset:true" size="30" label="ScrollReveal effect" description="Default effect = easing:'ease-in-out', scale:1.5, delay:300, duration:1500, reset:true" />
							
			<field type="spacer" label="Left column" />
			
			<field name="animation_left" type="radio" default="yes" label="Enable animation for Left column" description="">				
				<option value="yes">TPL_JOOMSPIRIT_99_YES</option>
				<option value="no">TPL_JOOMSPIRIT_99_NO</option>
			</field>
			
			<field name="animation_left_text" type="text" default="origin:'left', distance:'50px', duration:1330" size="30" label="ScrollReveal effect" description="Default effect = origin:'left', distance:'50px', duration:1330" />
			
			<field name="plate_left_text" type="text" default="inverse: true, perspective: 500, maxRotation: 20, animationDuration: 10" size="30" label="Plate effect" description="Default effect = inverse: true, perspective: 500, maxRotation: 20, animationDuration: 10" />
			
			<field type="spacer" label="Right column" />
			
			<field name="animation_right" type="radio" default="yes" label="Enable animation for Right column" description="">				
				<option value="yes">TPL_JOOMSPIRIT_99_YES</option>
				<option value="no">TPL_JOOMSPIRIT_99_NO</option>
			</field>
			
			<field name="animation_right_text" type="text" default="origin:'right', distance:'50px', duration:1330" size="30" label="ScrollReveal effect" description="Default effect = origin:'right', distance:'50px', duration:1330" />
			
			<field name="plate_right_text" type="text" default="inverse: true, perspective: 500, maxRotation: 20, animationDuration: 10" size="30" label="Plate effect" description="Default effect = inverse: true, perspective: 500, maxRotation: 20, animationDuration: 10" />
			
			<field type="spacer" label="Top" />
			
			<field name="animation_top" type="radio" default="yes" label="Enable animation for Top" description="">				
				<option value="yes">TPL_JOOMSPIRIT_99_YES</option>
				<option value="no">TPL_JOOMSPIRIT_99_NO</option>
			</field>
			
			<field name="animation_top_text" type="text" default="origin:'bottom', distance:'50px', duration:1330, reset:true" size="30" label="ScrollReveal effect" description="Default effect = origin:'bottom', distance:'50px', duration:1330, reset:true" />
			
			<field name="plate_top_text" type="text" default="inverse: true, perspective: 500, maxRotation: 20, animationDuration: 10" size="30" label="Plate effect" description="Default effect = inverse: true, perspective: 500, maxRotation: 20, animationDuration: 10" />
			
			<field type="spacer" label="User1" />
			
			<field name="animation_user1" type="radio" default="yes" label="Enable animation for User1" description="">				
				<option value="yes">TPL_JOOMSPIRIT_99_YES</option>
				<option value="no">TPL_JOOMSPIRIT_99_NO</option>
			</field>
			
			<field name="animation_user1_text" type="text" default="origin:'left', distance:'50px', easing:'ease-in-out', scale:0.8, reset:true" size="30" label="ScrollReveal effect" description="Default effect = origin:'left', distance:'50px', easing:'ease-in-out', scale:0.8, reset:true" />
			
			<field name="plate_user1_text" type="text" default="inverse: true, perspective: 500, maxRotation: 20, animationDuration: 10" size="30" label="Plate effect" description="Default effect = inverse: true, perspective: 500, maxRotation: 20, animationDuration: 10" />
			
			<field type="spacer" label="User2" />
			
			<field name="animation_user2" type="radio" default="yes" label="Enable animation for User2" description="">				
				<option value="yes">TPL_JOOMSPIRIT_99_YES</option>
				<option value="no">TPL_JOOMSPIRIT_99_NO</option>
			</field>
			
			<field name="animation_user2_text" type="text" default="origin:'bottom', distance:'50px', easing:'ease-in-out', scale:0.8, delay:600, reset:true" size="30" label="ScrollReveal effect" description="Default effect = origin:'bottom', distance:'50px', easing:'ease-in-out', scale:0.8, delay:600, reset:true" />
			
			<field name="plate_user2_text" type="text" default="inverse: true, perspective: 500, maxRotation: 20, animationDuration: 10" size="30" label="Plate effect" description="Default effect = inverse: true, perspective: 500, maxRotation: 20, animationDuration: 10" />
			
			<field type="spacer" label="User3" />
			
			<field name="animation_user3" type="radio" default="yes" label="Enable animation for User3" description="">				
				<option value="yes">TPL_JOOMSPIRIT_99_YES</option>
				<option value="no">TPL_JOOMSPIRIT_99_NO</option>
			</field>
			
			<field name="animation_user3_text" type="text" default="origin:'right', distance: '50px', easing:'ease-in-out', scale: 0.8, delay:400, reset: true" size="30" label="ScrollReveal effect" description="Default effect = origin:'right', distance: '50px', easing:'ease-in-out', scale: 0.8, delay:400, reset: true" />
			
			<field name="plate_user3_text" type="text" default="inverse: true, perspective: 500, maxRotation: 20, animationDuration: 10" size="30" label="Plate effect" description="Default effect = inverse: true, perspective: 500, maxRotation: 20, animationDuration: 10" />
			
			<field type="spacer" label="Article" />
			
			<field name="animation_article" type="radio" default="yes" label="Enable animation for Article" description="">				
				<option value="yes">TPL_JOOMSPIRIT_99_YES</option>
				<option value="no">TPL_JOOMSPIRIT_99_NO</option>
			</field>
			
			<field name="animation_article_text" type="text" default="origin:'top', distance: '50px', duration:1330, reset:true" size="30" label="ScrollReveal effect" description="Default effect = origin:'top', distance: '50px', duration:1330, reset:true" />
		
			<field type="spacer" label="User4" />
			
			<field name="animation_user4" type="radio" default="yes" label="Enable animation for User4" description="">				
				<option value="yes">TPL_JOOMSPIRIT_99_YES</option>
				<option value="no">TPL_JOOMSPIRIT_99_NO</option>
			</field>
			
			<field name="animation_user4_text" type="text" default="origin:'left', distance:'50px', easing:'ease-in-out', scale:0.8, reset:true" size="30" label="ScrollReveal effect" description="origin:'left', distance:'50px', easing:'ease-in-out', scale:0.8, reset:true" />
			
			<field name="plate_user4_text" type="text" default="inverse: true, perspective: 500, maxRotation: 20, animationDuration: 10" size="30" label="Plate effect" description="Default effect = inverse: true, perspective: 500, maxRotation: 20, animationDuration: 10" />
			
			<field type="spacer" label="User5" />
			
			<field name="animation_user5" type="radio" default="yes" label="Enable animation for User5" description="">				
				<option value="yes">TPL_JOOMSPIRIT_99_YES</option>
				<option value="no">TPL_JOOMSPIRIT_99_NO</option>
			</field>
			
			<field name="animation_user5_text" type="text" default="origin:'bottom', distance:'50px', easing:'ease-in-out', scale:0.8, reset:true" size="30" label="ScrollReveal effect" description="Default effect = origin:'bottom', distance:'50px', easing:'ease-in-out', scale:0.8, reset:true" />
			
			<field name="plate_user5_text" type="text" default="inverse: true, perspective: 500, maxRotation: 20, animationDuration: 10" size="30" label="Plate effect" description="Default effect = inverse: true, perspective: 500, maxRotation: 20, animationDuration: 10" />
			
			<field type="spacer" label="User6" />
			
			<field name="animation_user6" type="radio" default="yes" label="Enable animation for User6" description="">				
				<option value="yes">TPL_JOOMSPIRIT_99_YES</option>
				<option value="no">TPL_JOOMSPIRIT_99_NO</option>
			</field>
			
			<field name="animation_user6_text" type="text" default="origin:'right', distance:'50px', easing:'ease-in-out', scale:0.8, reset:true" size="30" label="ScrollReveal effect" description="Default effect = origin:'right', distance:'50px', easing:'ease-in-out', scale:0.8, reset:true" />
			
			<field name="plate_user6_text" type="text" default="inverse: true, perspective: 500, maxRotation: 20, animationDuration: 10" size="30" label="Plate effect" description="Default effect = inverse: true, perspective: 500, maxRotation: 20, animationDuration: 10" />
			
			<field type="spacer" label="Bottom" />
			
			<field name="animation_bottom" type="radio" default="yes" label="Enable animation for Bottom" description="">				
				<option value="yes">TPL_JOOMSPIRIT_99_YES</option>
				<option value="no">TPL_JOOMSPIRIT_99_NO</option>
			</field>
			
			<field name="animation_bottom_text" type="text" default="origin:'bottom', distance:'50px', easing:'ease-in-out', scale:0.8, reset:true" size="30" label="ScrollReveal effect" description="Default effect = origin:'bottom', distance:'50px', easing:'ease-in-out', scale:0.8, reset:true" />

			<field name="plate_bottom_text" type="text" default="perspective: 0, maxRotation: 0, animationDuration: 0" size="30" label="Plate effect" description="Default effect = perspective: 0, maxRotation: 0, animationDuration: 0" />
			
			<field type="spacer" label="Search" />
			
			<field name="animation_search" type="radio" default="yes" label="Enable animation for Search" description="">				
				<option value="yes">TPL_JOOMSPIRIT_99_YES</option>
				<option value="no">TPL_JOOMSPIRIT_99_NO</option>
			</field>
			
			<field name="animation_search_text" type="text" default="easing:'ease-in-out', scale:0.5, duration:1500, reset:true" size="30" label="ScrollReveal effect" description="Default effect = easing:'ease-in-out', scale:0.5, duration:1500, reset:true" />

			<field type="spacer" label="Address" />
			
			<field name="animation_address" type="radio" default="yes" label="Enable animation for Address" description="">				
				<option value="yes">TPL_JOOMSPIRIT_99_YES</option>
				<option value="no">TPL_JOOMSPIRIT_99_NO</option>
			</field>
			
			<field name="animation_address_text" type="text" default="origin:'left', distance:'20px', duration:1000, reset:true" size="30" label="ScrollReveal effect" description="Default effect = origin:'left', distance:'20px', duration:1000, reset:true" />
			
			<field type="spacer" label="Bottom_menu" />
			
			<field name="animation_bottom_menu" type="radio" default="yes" label="Enable animation for Bottom_menu" description="">				
				<option value="yes">TPL_JOOMSPIRIT_99_YES</option>
				<option value="no">TPL_JOOMSPIRIT_99_NO</option>
			</field>
			
			<field name="animation_bottom_menu_text" type="text" default="easing:'ease-in-out', scale:1.5, delay:300, duration:1500, reset:true" size="30" label="ScrollReveal effect" description="Default effect = easing:'ease-in-out', scale:1.5, delay:300, duration:1500, reset:true" />
				
		</fieldset>		
		
		<fieldset name="09" label="Google analytics tracking code">
							
				<field name="google_code" type="textarea" rows="6" cols="40" default="" label="Paste your tracking code" description="" />				
				
		</fieldset>
		
	
	</fields>		

</config>

</extension>